PaintCanvas.java,38,42
PaintCanvas.java,46,53
PaintCanvas.java,91,92
PaintWindow.java,55,56
PaintWindow.java,67,68
PaintCanvas.java,69,69
PaintWindow.java,123,126
PencilPaint.java,31,34
Actions.java,23,30
PaintWindow.java,49,49
PaintWindow.java,53,53
PaintWindow.java,55,55
PaintWindow.java,62,62
PaintWindow.java,65,65
PaintWindow.java,67,69
PaintWindow.java,79,85
PaintWindow.java,123,126
PaintWindow.java,134,135
PaintWindow.java,152,152
PaintWindow.java,46,46
PaintWindow.java,63,68
PaintWindow.java,123,125
PaintWindow.java,135,135
